season,week,contestant,voting_method,p_wrongful,p_correct,ci_lower,ci_upper,n_samples,wrongful_count,correct_count,attempts,acceptance_rate,classification,fan_vote_lower,fan_vote_upper,fan_vote_mean,fan_vote_median
1,2,Trista Sutter,rank,0.426,0.574,0.4123552912471236,0.43975833281323845,5000,2130,2870,21188,0.23598263167830846,Uncertain,0.0,1.0,0.0468429021900994,0.036539383545379875
1,3,Evander Holyfield,rank,0.6846,0.3154,0.6715823088175102,0.6973342452156949,5000,3423,1577,7862,0.635970490969219,Uncertain,0.0,1.0,0.11466617529814675,0.09453904915403843
1,4,Rachel Hunter,rank,0.2022,0.7978,0.191297647074175,0.21355961299576806,5000,1011,3989,24375,0.20512820512820512,Uncertain,0.0,1.0,0.07917347331362494,0.06457485302060582
2,1,Kenny Mayne,rank,0.691,0.309,0.6780492050982637,0.7036575219891804,5000,3455,1545,15289,0.3270325070311989,Uncertain,0.0,1.0,0.028384880837496736,0.022081334883229095
2,2,Tatum O'Neal,rank,0.6812,0.3188,0.6681479222898138,0.6939738523083271,5000,3406,1594,14610,0.34223134839151265,Uncertain,0.0,1.0,0.032703811331436905,0.025990359345273314
2,3,Giselle Fernandez,rank,0.414,0.586,0.4004183597325347,0.42771368985112923,5000,2070,2930,39178,0.12762264536219306,Uncertain,0.0,1.0,0.025573843817956278,0.019840152504930333
2,4,Master P,rank,0.7234,0.2766,0.7108330700752568,0.7356239080992724,5000,3617,1383,9650,0.5181347150259067,Uncertain,0.0,1.0,0.06236961454431389,0.0496521441712652
2,5,Tia Carrere,rank,0.7046,0.2954,0.6918009631654926,0.7170848816622094,5000,3523,1477,8910,0.5611672278338945,Uncertain,0.0,1.0,0.08186666560340318,0.06783187452223559
2,6,George Hamilton,rank,0.6652,0.3348,0.6519966092733439,0.6781497326891995,5000,3326,1674,7994,0.6254691018263697,Uncertain,0.0,1.0,0.10995860784787229,0.08809165604349314
2,7,Lisa Rinna,rank,0.4542,0.5458,0.4404393891616816,0.46803093491892084,5000,2271,2729,10901,0.45867351619117513,Uncertain,0.0,1.0,0.11205589139319823,0.0923964703577291
3,1,Tucker Carlson,percent,0.7268,0.2732,0.7142779168064066,0.7389738408031867,5000,3634,1366,46023,0.10864133150815897,Uncertain,0.009999000000000001,0.12521459005145796,0.029073982702416186,0.026783616043039957
3,2,Shanna Moakler,percent,0.295,0.705,0.28252039748582797,0.3077943718705802,5000,1475,3525,115874,0.043150318449350154,Uncertain,0.009999000000000001,0.10434802608695654,0.02064178659805347,0.01827252600708034
3,3,Harry Hamlin,percent,0.2494,0.7506,0.23760257163481205,0.2615822147101435,5000,1247,3753,84304,0.05930916682482445,Uncertain,0.009999000000000001,0.11594225120772945,0.023318218353521342,0.02066443444857827
3,4,Vivica A. Fox,percent,0.2484,0.7516,0.2366194161904769,0.2605669056147537,5000,1242,3758,67390,0.07419498441905327,Uncertain,0.009999000000000001,0.12878812878787882,0.026668898841307964,0.023248700714910874
3,5,Willa Ford,percent,0.0,1.0,0.0,0.000767730137580694,5000,0,5000,73803,0.06774792352614392,Definite-Correct,0.009999000000000001,0.13654330071033938,0.028178993021694625,0.023742734816099037
3,7,Jerry Springer,percent,0.3548,0.6452,0.34165406608173693,0.3681688827502166,5000,1774,3226,19480,0.25667351129363447,Uncertain,0.009999000000000001,0.2296300296296296,0.05730122447508429,0.050249693117383164
3,8,Monique Coleman,percent,0.0786,0.9214,0.07145992657664202,0.08638711638331101,5000,393,4607,21193,0.23592695701410843,Uncertain,0.009999000000000001,0.2568812339449541,0.0721650781528253,0.06244752341349786
4,2,Paulina Porizkova,percent,0.3250780901383311,0.6749219098616689,0.31151968347025905,0.338936097224271,4482,1457,3025,125000,0.035856,Uncertain,0.009999000000000001,0.09610407792207795,0.01936246736050589,0.01750527162649907
4,3,Shandi Finnessey,percent,0.3166,0.6834,0.3038516851196019,0.32962991829486277,5000,1583,3417,115434,0.043314794601244,Uncertain,0.009999000000000001,0.10366992477064224,0.020842550436787257,0.01880763397826658
4,4,Leeza Gibbons,percent,0.5694,0.4306,0.5556267447297002,0.5830666943272037,5000,2847,2153,44080,0.11343012704174228,Uncertain,0.009999000000000001,0.13801191812865496,0.03068048615695853,0.02749954503449156
4,5,Clyde Drexler,percent,0.6834,0.3166,0.6703700817051373,0.6961483148803981,5000,3417,1583,22749,0.21978988087388457,Uncertain,0.009999000000000001,0.17613661363636365,0.042520044115879035,0.0385808327906665
4,6,Heather Mills,percent,0.3152,0.6848,0.3024681093765263,0.32821564368232353,5000,1576,3424,48175,0.10378827192527244,Uncertain,0.009999000000000001,0.15042045378151264,0.03270081106497132,0.02845518369016341
4,7,John Ratzenberger,percent,0.4088,0.5912,0.39524827380280425,0.4224917601742906,5000,2044,2956,27777,0.18000504014112395,Uncertain,0.009999000000000001,0.18770259870550163,0.044504249088339276,0.039439050440481654
4,8,Billy Ray Cyrus,percent,0.4824,0.5176,0.46856811913858026,0.4962589049622627,5000,2412,2588,15655,0.31938677738741617,Uncertain,0.009999000000000001,0.24860597768924303,0.06684539284290009,0.059248620769843593
4,9,Ian Ziering,percent,0.0596,0.9404,0.05336970419538522,0.06650651250979588,5000,298,4702,21317,0.234554580850964,Uncertain,0.009999000000000001,0.25527476160337553,0.07065004311583592,0.060411588488129934
5,1,Josie Maran,percent,0.6996,0.3004,0.6867436305429518,0.7121498915861261,5000,3498,1502,74728,0.06690932448346001,Uncertain,0.009999000000000001,0.10441002399481195,0.023590718578658337,0.02201047308004322
5,2,Albert Reed,percent,0.2959778937672705,0.7040221062327295,0.2805483928644003,0.3118881118710643,3257,964,2293,125000,0.026056,Uncertain,0.009999000000000001,0.09358306951871659,0.019192622561743623,0.01720133958191209
5,3,Wayne Newton,percent,0.6578,0.3422,0.6445323664991589,0.6708253378694207,5000,3289,1711,45542,0.10978876641342059,Uncertain,0.009999000000000001,0.12468639246861923,0.027686838078565052,0.02521441628157276
5,4,Floyd Mayweather Jr. ,percent,0.465,0.535,0.451206856553254,0.4788468845563768,5000,2325,2675,52303,0.0955968108903887,Uncertain,0.009999000000000001,0.12393184615384617,0.025345991405918825,0.02267431934653411
5,5,Mark Cuban,percent,0.4736,0.5264,0.45978560624408116,0.4874549299071832,5000,2368,2632,37152,0.13458225667527993,Uncertain,0.009999000000000001,0.14447261180904522,0.03112528910791321,0.027585191819777574
5,6,Sabrina Bryan,percent,0.2186,0.7814,0.20736240405646306,0.23026967446496738,5000,1093,3907,49430,0.10115314586283633,Uncertain,0.009999000000000001,0.14682568253968253,0.03125902975390905,0.026847074436851942
5,7,Jane Seymour,percent,0.1704,0.8296,0.16023223239147608,0.1810738553152171,5000,852,4148,34545,0.14473874656245478,Uncertain,0.009999000000000001,0.17307725641025642,0.03787439909450439,0.0315227658381643
5,8,Cameron Mathison,percent,0.1418,0.8582,0.13240531506180134,0.1517446868087615,5000,709,4291,27321,0.18300940668350354,Uncertain,0.009999000000000001,0.20608405019011405,0.0502398944137342,0.042187482096363936
5,9,Jennie Garth,percent,0.0486,0.9514,0.0429784350827718,0.05491467168543605,5000,243,4757,21702,0.23039351211869874,Definite-Correct,0.009999000000000001,0.2521372521367521,0.06980205794141948,0.058930135283054796
6,2,Monica Seles,percent,0.7774,0.2226,0.7656587849437319,0.7887152783759385,5000,3887,1113,77711,0.06434095559187245,Uncertain,0.009999000000000001,0.1165300721613017,0.029013584788768088,0.026659256486155983
6,2,Penn Jillette,percent,0.7152,0.2848,0.702528568041979,0.7275410009068062,5000,3576,1424,91825,0.054451402123604685,Uncertain,0.009999000000000001,0.10945543473646978,0.02582016539146328,0.023715008568226056
6,3,Steve Guttenberg,percent,0.3628,0.6372,0.3495827202156762,0.376227944934076,5000,1814,3186,88720,0.0563570784490532,Uncertain,0.009999000000000001,0.10789493684210527,0.02171977466161888,0.019505871427443866
6,4,Adam Carolla,percent,0.6322,0.3678,0.6187371686190246,0.6454598435325991,5000,3161,1839,35809,0.13962970203021588,Uncertain,0.009999000000000001,0.13777799999999998,0.031075097055240645,0.02827649269426969
6,5,Priscilla Presley,percent,0.4634,0.5366,0.4496112648659314,0.4772449329801396,5000,2317,2683,38357,0.13035430299554188,Uncertain,0.009999000000000001,0.14285739285714286,0.03053078020102192,0.026933640655169212
6,6,Marlee Matlin,percent,0.4986,0.5014,0.48474715729683737,0.512454992347548,5000,2493,2507,27071,0.18469949392338664,Uncertain,0.009999000000000001,0.16904790476190473,0.03814877842485023,0.033899967832425625
6,7,Shannon Elizabeth,percent,0.111,0.889,0.1025895694437185,0.1200077246033193,5000,555,4445,40173,0.12446170313394568,Uncertain,0.009999000000000001,0.16828512297734632,0.036939896596243964,0.03084818698698398
6,8,Mario,percent,0.0834,0.9166,0.07605230771573783,0.0913873650348944,5000,417,4583,30086,0.16619025460347006,Uncertain,0.009999000000000001,0.20149852734082396,0.04885929633462316,0.040118370545742896
6,9,Marissa Jaret Winokur,percent,0.146,0.854,0.13648415536227262,0.1560593975751345,5000,730,4270,19502,0.25638396061942365,Uncertain,0.009999000000000001,0.26363686363636357,0.07391494044579713,0.06254533055150967
7,1,Ted McGinley,percent,0.5685297258810965,0.43147027411890354,0.5501323374905964,0.586739927197184,2809,1597,1212,125000,0.022472,Uncertain,0.009999000000000001,0.08845254761904764,0.01958169053034506,0.018049654251385792
7,1,Jeffrey Ross,percent,0.8152,0.1848,0.8042008601072153,0.825715162814054,5000,4076,924,105669,0.047317567119968956,Uncertain,0.009999000000000001,0.1120967275132275,0.030258640282947363,0.028735789450851812
7,2,Kim Kardashian,percent,0.5542,0.4458,0.5403859908654776,0.5679307871876087,5000,2771,2229,88490,0.05650355972426263,Uncertain,0.009999000000000001,0.1048952867132867,0.02238419397361796,0.020525129100754214
7,4,Rocco DiSpirito,percent,0.5762,0.4238,0.5624492318836501,0.5898337660433827,5000,2881,2119,38518,0.12980943974245807,Uncertain,0.009999000000000001,0.1335524937055282,0.029302870868512854,0.027052402728817034
7,5,Toni Braxton,percent,0.3712,0.6288,0.35791209540420105,0.3846856718792398,5000,1856,3144,48919,0.1022097753429138,Uncertain,0.009999000000000001,0.1371797371794872,0.028857048853577875,0.02532985320307918
7,6,Cloris Leachman,percent,0.6464,0.3536,0.6330403239131045,0.6595348847026118,5000,3232,1768,19214,0.2602269178723847,Uncertain,0.009999000000000001,0.19196457142857146,0.047758353145146995,0.04407721303825702
7,7,Susan Lucci,percent,0.1858,0.8142,0.17526165014919753,0.19682079146925818,5000,929,4071,40287,0.12410951423536128,Uncertain,0.009999000000000001,0.17006836054421773,0.0385872635097635,0.03302869535215995
7,8,Maurice Greene,percent,0.177,0.823,0.16666981492501706,0.18782613874386003,5000,885,4115,25198,0.1984284467021192,Uncertain,0.009999000000000001,0.21176510588235295,0.05087712602502626,0.043063135685015304
7,9,Cody Linley,percent,0.1934,0.8066,0.18268921892548953,0.20458155319487495,5000,967,4033,17898,0.27936082243826127,Uncertain,0.009999000000000001,0.2711447786069652,0.07698707297161375,0.06686605316301958
8,2,Belinda Carlisle,percent,0.4927818962153726,0.5072181037846274,0.4734515910230461,0.5121338070007354,2563,1263,1300,125000,0.020504,Uncertain,0.009999000000000001,0.08592177939042094,0.01809000302305075,0.01639819253235112
8,3,Denise Richards,percent,0.6242810188989318,0.3757189811010682,0.6105829100691547,0.6377831287610076,4868,3039,1829,125000,0.038944,Uncertain,0.009999000000000001,0.10367470734908138,0.02311238308286238,0.020741866270847606
8,4,Steve Wozniak,percent,0.8084,0.1916,0.7972559248347594,0.819070539216381,5000,4042,958,45713,0.10937807625839477,Uncertain,0.009999000000000001,0.142801852892562,0.037595327883645925,0.0354416570947053
8,4,Holly Madison,percent,0.737,0.263,0.7246179247267366,0.7490181711880501,5000,3685,1315,58865,0.08494011721736176,Uncertain,0.009999000000000001,0.12792581983471077,0.03072370393343858,0.02815772636472244
8,5,David Alan Grier,percent,0.3514,0.6486,0.33828560921845285,0.3647425601784362,5000,1757,3243,82515,0.060595043325455976,Uncertain,0.009999000000000001,0.1174605396825397,0.023730833811563695,0.020963591936068365
8,6,Steve-O,percent,0.6324,0.3676,0.6189385343593593,0.6456581707002093,5000,3162,1838,26506,0.18863653512412284,Uncertain,0.009999000000000001,0.16397874462365594,0.03833722410336926,0.0344718117468632
8,7,Lawrence Taylor,percent,0.5206,0.4794,0.506741967069943,0.5344264024483886,5000,2603,2397,25648,0.19494697442295694,Uncertain,0.009999000000000001,0.170329956043956,0.03927943621068308,0.035539287106474735
8,8,Chuck Wicks,percent,0.1532,0.8468,0.1434828458386357,0.16344965178479032,5000,766,4234,37835,0.13215276860050218,Uncertain,0.009999000000000001,0.1698721282051282,0.03753730945419289,0.0317300570544121
8,9,Lil' Kim,percent,0.1662,0.8338,0.1561385242517575,0.17677401238809137,5000,831,4169,28454,0.17572221831728405,Uncertain,0.009999000000000001,0.2052438456928839,0.049890287938207725,0.04215251341523568
8,10,Ty Murray,percent,0.266,0.734,0.2539351816652601,0.27842411603912776,5000,1330,3670,16553,0.3020600495378481,Uncertain,0.009999000000000001,0.2808224178082192,0.08071805087756184,0.07063279485876399
9,1,Ashley Hamiliton,percent,0.8465184104994532,0.15348158950054686,0.8325452107480281,0.8595223624240108,2743,2322,421,125000,0.021944,Uncertain,0.009999000000000001,0.08274896781149878,0.017613543724226542,0.014720894722098291
9,1,Macy Gray,percent,0.6928,0.3072,0.679868535224226,0.7054354280347228,5000,3464,1536,125000,0.04,Uncertain,0.009999000000000001,0.0827489678114988,0.013959046955712552,0.010012443876070188
9,2,Kathy Ireland,percent,0.5520169851380042,0.44798301486199577,0.5336238494351896,0.5702688914164539,2826,1560,1266,125000,0.022608,Uncertain,0.009999000000000001,0.08163279591836735,0.017088130774236838,0.015658723995337825
9,3,Debi Mazar,percent,0.5602268935602269,0.43977310643977313,0.5423901207341323,0.5779094645555413,2997,1679,1318,125000,0.023976,Uncertain,0.009999000000000001,0.0879548348240907,0.018939961384355792,0.01736701440967885
9,4,Chuck Liddell,percent,0.5912,0.4088,0.5775082398257094,0.6047517261971957,5000,2956,2044,79938,0.06254847506817784,Uncertain,0.009999000000000001,0.11157042975206612,0.024366633528393272,0.021673676480963085
9,5,Natalie Coughlin,percent,0.403,0.597,0.3894834982876065,0.4166654413590843,5000,2015,2985,81195,0.06158014656074882,Uncertain,0.009999000000000001,0.10909110909090912,0.021766982649643583,0.019541682187400572
9,6,Melissa Joan Hart,percent,0.66,0.34,0.6467510924880224,0.6730032338679519,5000,3300,1700,46250,0.10810810810810811,Uncertain,0.009999000000000001,0.1449041213018622,0.03526739119543833,0.032265800419164326
9,6,Louie Vito,percent,0.6656,0.3344,0.6524001840552992,0.6785455437231341,5000,3328,1672,47436,0.10540517750231891,Uncertain,0.009999000000000001,0.14490378476223573,0.034829124158484964,0.031951199335125205
9,7,Mark Dacascos,percent,0.6376,0.3624,0.6241749130485648,0.6508138076175729,5000,3188,1812,31536,0.15854895991882292,Uncertain,0.009999000000000001,0.18684268850902183,0.04860022399166321,0.04401100161980086
9,7,Michael Irvin,percent,0.5578,0.4422,0.543994461004369,0.5715167893917266,5000,2789,2211,34905,0.14324595330181922,Uncertain,0.009999000000000001,0.17734601234567898,0.043426530064050596,0.03840861454957195
9,8,Aaron Carter,percent,0.1358,0.8642,0.1265834117557646,0.14557580287644922,5000,679,4321,26254,0.19044716995505448,Uncertain,0.009999000000000001,0.20916070534351144,0.04990035220905077,0.041870345219277294
9,9,Joanna Krupa,percent,0.053,0.947,0.04712618955271824,0.05956016119027891,5000,265,4735,23582,0.21202612161818335,Uncertain,0.009999000000000001,0.24687462987982148,0.06984445866801975,0.05973368496028556
10,2,Shannen Doherty,percent,0.3465634075508228,0.6534365924491772,0.32634494425319616,0.36735142362345685,2066,716,1350,125000,0.016528,Uncertain,0.009999000000000001,0.09090927272727271,0.01868087272443763,0.01680142686733229
10,3,Buzz Aldrin,percent,0.729,0.271,0.7165074163785898,0.7411409632183983,5000,3645,1355,35334,0.14150676402332032,Uncertain,0.009999000000000001,0.13596079113300494,0.032473814638375544,0.030176982238443898
10,4,Aiden Turner,percent,0.5358,0.4642,0.5219540733752281,0.5495909571469213,5000,2679,2321,44340,0.11276499774470004,Uncertain,0.009999000000000001,0.13327365738244984,0.028721699937626112,0.025375661667871096
10,5,Kate Gosselin,percent,0.6178,0.3822,0.6042452736160189,0.6311738491635672,5000,3089,1911,27152,0.18414849734826164,Uncertain,0.009999000000000001,0.16329504768786127,0.03724361577008422,0.03312161017128305
10,6,Jake Pavelka,percent,0.4546,0.5454,0.44083806783630547,0.468431642060187,5000,2273,2727,29970,0.1668335001668335,Uncertain,0.009999000000000001,0.16609742438549524,0.03747200963288873,0.03296697583988883
10,7,Pamela Anderson,percent,0.1016,0.8984,0.09352911048738435,0.11028261688623994,5000,508,4492,38664,0.12931926339747568,Uncertain,0.009999000000000001,0.16934652840300105,0.036929155011537616,0.03083470021937923
10,8,Niecy Nash,percent,0.3632,0.6368,0.3499792580115909,0.37663079295405133,5000,1816,3184,19870,0.25163563160543534,Uncertain,0.009999000000000001,0.23003992569169965,0.05874805202907912,0.05144032990634382
10,9,Chad Ochocinco,percent,0.1916,0.8084,0.18092946078361913,0.20274407516524065,5000,958,4042,18361,0.2723163226403791,Uncertain,0.009999000000000001,0.26991200442477875,0.07630981729316712,0.06676177961410887
11,1,David Hasselhoff,percent,0.593,0.407,0.579316197406506,0.6065410047879041,5000,2965,2035,102563,0.04875052406813373,Uncertain,0.009999000000000001,0.1005875381791483,0.021589617683197816,0.01985488670237921
11,2,Michael Bolton,percent,0.7776,0.2224,0.765862325205927,0.7889114310216881,5000,3888,1112,39342,0.12709064104519344,Uncertain,0.009999000000000001,0.12751972110242696,0.031670532812918074,0.029978585846378976
11,3,Margaret Cho,percent,0.5778,0.4222,0.564054907819286,0.5914256333713064,5000,2889,2111,54054,0.0925000925000925,Uncertain,0.009999000000000001,0.11855223619909505,0.025460748061162428,0.023215563802113794
11,4,The Situation,percent,0.6242,0.3758,0.6106845548585371,0.6375247409752878,5000,3121,1879,35565,0.14058765640376775,Uncertain,0.009999000000000001,0.14401015394165118,0.03183229738755616,0.02854122404682593
11,5,Florence Henderson,percent,0.3752,0.6248,0.3618799904627065,0.3887116349796336,5000,1876,3124,52756,0.09477594965501554,Uncertain,0.009999000000000001,0.13461563461538462,0.02830881591901749,0.02488165867171026
11,6,Audrina Patridge,percent,0.091,0.909,0.0833387607978166,0.0992892424547244,5000,455,4545,95919,0.05212731575600246,Uncertain,0.009999000000000001,0.13112564286697725,0.028027258888502736,0.02364459708706077
11,7,Rick Fox,percent,0.0962,0.9038,0.08833401819990937,0.10468600065920079,5000,481,4519,39097,0.12788705015730106,Uncertain,0.009999000000000001,0.1678660407673861,0.03664895923352982,0.031001330392318636
11,8,Kurt Warner,percent,0.2778,0.7222,0.2655586349970574,0.2903825442760835,5000,1389,3611,22003,0.22724173976275963,Uncertain,0.009999000000000001,0.21886832452830193,0.05420778196506946,0.0463927955366925
11,9,Brandy,percent,0.0492,0.9508,0.04354328467999217,0.0555489008120506,5000,246,4754,22184,0.22538766678687341,Definite-Correct,0.009999000000000001,0.25000049999999996,0.07033075405738327,0.05969870635598891
12,2,Mike Catherwood,percent,0.4834,0.5166,0.4695664039699906,0.4972590846705772,5000,2417,2583,90131,0.05547480888928338,Uncertain,0.009999000000000001,0.10311465993265993,0.021257346156895694,0.019311372373313963
12,3,Wendy Williams,percent,0.6964,0.3036,0.6835078816944705,0.7089905539074878,5000,3482,1518,38136,0.13110971260750998,Uncertain,0.009999000000000001,0.12990674205607475,0.02989784449074529,0.027834157356654662
12,4,Sugar Ray Leonard,percent,0.4068,0.5932,0.393260198147437,0.4204829067502081,5000,2034,2966,64160,0.07793017456359103,Uncertain,0.009999000000000001,0.12028069687162891,0.024600864367165107,0.022007916636301635
12,5,Petra Nemcova,percent,0.3664,0.6336,0.3531519181919533,0.37985321930080834,5000,1832,3168,45187,0.11065129351362117,Uncertain,0.009999000000000001,0.1365981881443299,0.028254663199268896,0.024877064715400358
12,6,Chris Jericho,percent,0.455,0.545,0.4412367554812879,0.4688323402310945,5000,2275,2725,29608,0.16887327749256958,Uncertain,0.009999000000000001,0.1634923492063492,0.035896076614243835,0.0317479639583976
12,7,Kendra Wilkinson,percent,0.1398,0.8602,0.1304640134648289,0.1496890593262843,5000,699,4301,36005,0.13886960144424385,Uncertain,0.009999000000000001,0.1715299531388152,0.03745452316789191,0.03180259331036864
12,8,Romeo,percent,0.0932,0.9068,0.08545121469444596,0.1015734105454897,5000,466,4534,30683,0.1629566861128312,Uncertain,0.009999000000000001,0.20000040000000002,0.04823055182463066,0.0404601797771702
12,9,Ralph Macchio,percent,0.3354,0.6646,0.3224440036132001,0.34860873314809154,5000,1677,3323,14917,0.33518804049071527,Uncertain,0.009999000000000001,0.2957451808510639,0.08656672904357814,0.07597826788933408
13,1,Metta World Peace (Ron),percent,0.6534,0.3466,0.6400958540333919,0.6664686063603984,5000,3267,1733,85036,0.0587986264640858,Uncertain,0.009999000000000001,0.10215070430107524,0.02224868242120605,0.020246435109491603
13,2,Elisabetta Canalis,percent,0.1420814479638009,0.857918552036199,0.1281455887726866,0.15725947363105536,2210,314,1896,125000,0.01768,Uncertain,0.009999000000000001,0.08764796004891968,0.01730644967343951,0.015565876839864046
13,3,Kristin Cavallari,percent,0.17381137957911147,0.8261886204208886,0.1621663294077994,0.18610690352240983,3849,669,3180,125000,0.030792,Uncertain,0.009999000000000001,0.09873437721518988,0.019422278119261106,0.01732201254846263
13,4,Chynna Phillips,percent,0.3684,0.6316,0.3551351527813063,0.38186691379090504,5000,1842,3158,60988,0.08198334098511183,Uncertain,0.009999000000000001,0.1217439755449229,0.025065880667121156,0.02214237471539201
13,5,Carson Kressley,percent,0.553,0.447,0.5391833298987525,0.5667352907066641,5000,2765,2235,32336,0.1546264225630876,Uncertain,0.009999000000000001,0.14893642021276596,0.0327429369385133,0.029746719440865595
13,6,Chaz Bono,percent,0.491,0.509,0.4771551805818231,0.5048586385606534,5000,2455,2545,27399,0.1824884119858389,Uncertain,0.009999000000000001,0.17125674010327022,0.03890021424709686,0.03420733319885507
13,7,David Arquette,percent,0.1928,0.8072,0.18210259227182282,0.20396910112470676,5000,964,4036,34861,0.14342675195777516,Uncertain,0.009999000000000001,0.1729241103526735,0.038631809900855504,0.03255909402493613
13,8,Nancy Grace,percent,0.3642,0.6358,0.3509706460416821,0.377637869463685,5000,1821,3179,19649,0.2544658761260115,Uncertain,0.009999000000000001,0.2301162301158301,0.057426655146591156,0.049445538605700744
13,9,Hope Solo,percent,0.335,0.665,0.32204817677923747,0.34820517416616426,5000,1675,3325,14969,0.33402364887434033,Uncertain,0.009999000000000001,0.2932502605475128,0.08495610153134785,0.07491476617521103
14,2,Martina Navratilova,percent,0.6958,0.3042,0.6829012601318701,0.7083980967462532,5000,3479,1521,75435,0.06628222973420826,Uncertain,0.009999000000000001,0.1034698073110285,0.023518974383640402,0.021858989679451983
14,3,Jack Wagner,percent,0.32,0.68,0.3072123578033908,0.33306402504613836,5000,1600,3400,122254,0.04089845731019026,Uncertain,0.009999000000000001,0.09610407792207795,0.0191392509899318,0.017293301347500505
14,4,Sherri Sheperd,percent,0.4252,0.5748,0.41155923832916225,0.43895561409942,5000,2126,2874,76406,0.0654398869198754,Uncertain,0.009999000000000001,0.1098714446351931,0.02214391357495731,0.01976290962910781
14,5,Gavin DeGraw,percent,0.6136,0.3864,0.600020839592553,0.6270047321201888,5000,3068,1932,36732,0.13612109332462158,Uncertain,0.009999000000000001,0.13740101587301587,0.030773520020340152,0.027824415708822846
14,6,Gladys Knight,percent,0.6086,0.3914,0.5949931298649711,0.6220401191491465,5000,3043,1957,28354,0.17634196233335683,Uncertain,0.009999000000000001,0.15697674179668317,0.03603908707756118,0.03255237253512043
14,7,Jaleel White,percent,0.1862,0.8138,0.1756524082893824,0.19722941914496328,5000,931,4069,46473,0.1075893529576313,Uncertain,0.009999000000000001,0.14674999377189568,0.030007337676102593,0.025687788541036448
14,8,Roshon Fegan,percent,0.4458,0.5542,0.43206921281239136,0.4596140091345225,5000,2229,2771,35656,0.14022885348889388,Uncertain,0.009999000000000001,0.19555391681957185,0.05124957843209448,0.0446831633625757
14,8,Melissa Gilbert,percent,0.547,0.453,0.5331712403469054,0.560756593020162,5000,2735,2265,31234,0.16008196196452584,Uncertain,0.009999000000000001,0.2077863327217125,0.056944637178423387,0.051132450473922106
14,9,Maria Menounos,percent,0.0,1.0,0.0,0.000767730137580694,5000,0,5000,24613,0.2031446796408402,Definite-Correct,0.009999000000000001,0.24347876086956524,0.06722132499694741,0.05757457778054575
15,1,Pamela Anderson,percent,0.6998,0.3002,0.6869458891983877,0.712347325838635,5000,3499,1501,104366,0.04790832263380795,Uncertain,0.009999000000000001,0.09236348671581583,0.020801685361014986,0.019735918604152566
15,2,Joey Fatone,percent,0.29438893159108376,0.7056110684089162,0.27718992960467326,0.31219416803195976,2602,766,1836,125000,0.020816,Uncertain,0.009999000000000001,0.08514509420289854,0.01699712809536971,0.015408629303062367
15,3,Helio Castroneves,percent,0.45550683518184165,0.5444931648181583,0.4398819789916356,0.4712197779056312,3877,1766,2111,125000,0.031016,Uncertain,0.009999000000000001,0.09864048776978417,0.021465341282512634,0.01932736325986714
15,3,Drew Lachey,percent,0.5855576246637699,0.4144423753362301,0.5716062267954378,0.5993731164189442,4833,2830,2003,125000,0.038664,Uncertain,0.009999000000000001,0.10349660287769785,0.02382015774918769,0.021679758759861077
15,4,Bristol Palin,percent,0.4448,0.5552,0.43107302774171985,0.45861172966546915,5000,2224,2776,54387,0.09193373416441429,Uncertain,0.009999000000000001,0.12268900743044756,0.025193280530535392,0.022505655314051177
15,6,Sabrina Bryan,percent,0.0,1.0,0.0,0.000767730137580694,5000,0,5000,119483,0.041846957307734155,Definite-Correct,0.009999000000000001,0.11725688716814159,0.023377509062181452,0.019946979225152168
15,8,Gilles Marini,percent,0.4298,0.5702,0.41613704245838357,0.44357074685293285,5000,2149,2851,48583,0.10291665809027849,Uncertain,0.009999000000000001,0.1634206258501968,0.03856548665643682,0.03380938976507264
15,8,Kirstie Alley,percent,0.5866,0.4134,0.5728887603957894,0.6001782687443816,5000,2933,2067,36213,0.13807196310717146,Uncertain,0.009999000000000001,0.17921811885910455,0.04564370532415778,0.0407361430621708
15,9,Apolo Anton Ohno,percent,0.4768,0.5232,0.46297874964521407,0.4906568730331698,5000,2384,2616,26291,0.19017914875813016,Uncertain,0.009999000000000001,0.2467127323664519,0.072706527310577,0.06500589722801081
15,9,Emmitt Smith,percent,0.5176,0.4824,0.5037410950377373,0.5314318808614197,5000,2588,2412,24502,0.20406497428781323,Uncertain,0.009999000000000001,0.2552818995348926,0.07602611522347276,0.0677812722835099
16,3,Wynonna Judd,percent,0.6924,0.3076,0.6794642199447661,0.705040357498293,5000,3462,1538,55192,0.09059283954196261,Uncertain,0.009999000000000001,0.11798846775568983,0.026964073432345168,0.024889715340217645
16,4,Lisa Vanderpump,percent,0.573,0.427,0.5592383203095206,0.5866495910903926,5000,2865,2135,54004,0.09258573439004518,Uncertain,0.009999000000000001,0.11964305714285711,0.025495611517535908,0.023247572158923348
16,5,D. L. Hughley,percent,0.5734,0.4266,0.5596396521946454,0.5870476450211579,5000,2867,2133,40265,0.12417732522041475,Uncertain,0.009999000000000001,0.13609804253056887,0.029801828819921064,0.026929814550391278
16,6,Victor Ortiz,percent,0.4872,0.5128,0.4733603920815403,0.501059261809982,5000,2436,2564,36046,0.13871164622981746,Uncertain,0.009999000000000001,0.1438994542440318,0.030597219678520936,0.02727805049995548
16,7,Andy Dick,percent,0.6562,0.3438,0.6429189446831746,0.6692412164218452,5000,3281,1719,18840,0.2653927813163482,Uncertain,0.009999000000000001,0.1933232670807453,0.04832466545642544,0.04400088780791074
16,8,Sean Lowe,percent,0.4696,0.5304,0.45579497779103717,0.4834517002013279,5000,2348,2652,21240,0.23540489642184556,Uncertain,0.009999000000000001,0.19828543515541264,0.046932189590991116,0.04190297788221667
16,9,Ingo Rademacher,percent,0.2744,0.7256,0.262208385691881,0.28693801414619546,5000,1372,3628,22178,0.22544864279917035,Uncertain,0.009999000000000001,0.2191493361702128,0.05361275564289656,0.045565121172290377
16,10,Alexandra Raisman,percent,0.0578,0.9422,0.05166452370008227,0.0646144568335941,5000,289,4711,22351,0.22370363742114446,Uncertain,0.009999000000000001,0.2521370402876413,0.07145815509597664,0.060907591847007315
17,2,Keyshawn Johnson,percent,0.6132,0.3868,0.5996185677995889,0.6266076180972628,5000,3066,1934,100137,0.04993159371660825,Uncertain,0.009999000000000001,0.0989976604010025,0.021643114630820515,0.019869030497883265
17,3,Bill Nye,percent,0.699,0.301,0.6861368718087361,0.7115575715965067,5000,3495,1505,51448,0.09718550769709221,Uncertain,0.009999000000000001,0.11907326559714794,0.028056112061555206,0.02615422960268318
17,4,Valerie Harper,percent,0.658,0.342,0.6447340558792913,0.6710233413972333,5000,3290,1710,43483,0.1149874663661661,Uncertain,0.009999000000000001,0.1240508329113924,0.027889460812469746,0.025900449459657367
17,5,Christina Milian,percent,0.0,1.0,0.0,0.0011617127351972345,3303,0,3303,125000,0.026424,Definite-Correct,0.009999000000000001,0.10307350827423166,0.02031857340800705,0.01770189852894772
17,7,"Nicole ""Snooki"" Polizzi",percent,0.2008,0.7992,0.18992756067448185,0.21213184903984644,5000,1004,3996,61874,0.08080938681837282,Uncertain,0.009999000000000001,0.1281040874717833,0.0254343098766287,0.021898627923858823
17,8,Brant Daugherty,percent,0.1904,0.8096,0.17975649268997654,0.2015188858112135,5000,952,4048,51959,0.09622971958659712,Uncertain,0.009999000000000001,0.1450895714285714,0.02999505507320845,0.025687495792058868
17,9,Elizabeth Berkley Lauren,percent,0.0318,0.9682,0.027284344671871172,0.0370345578289594,5000,159,4841,58851,0.084960323528912,Definite-Correct,0.009999000000000001,0.15555588888888888,0.03421809101515711,0.02899634948892293
17,10,Leah Remini,percent,0.2424,0.7576,0.23072229701573238,0.2544732375511492,5000,1212,3788,23879,0.20938900288956824,Uncertain,0.009999000000000001,0.21428611428571429,0.05304253878235828,0.04567390908026933
17,11,Bill Engvall,percent,0.2522,0.7478,0.2403558602562404,0.26442462679994466,5000,1261,3739,16911,0.29566554313760274,Uncertain,0.009999000000000001,0.27729278275432007,0.08019188013244852,0.06985834811789143
18,2,Sean Avery,percent,0.4938897168405365,0.5061102831594635,0.4769884452615726,0.5108049654190621,3355,1657,1698,125000,0.02684,Uncertain,0.009999000000000001,0.09484369895678095,0.019497791593839096,0.017678175302401344
18,2,Diana Nyad,percent,0.8816,0.1184,0.8723503268456599,0.8902637415133386,5000,4408,592,54748,0.09132753707898006,Uncertain,0.009999000000000001,0.17308512965722797,0.051697796841254945,0.047178427841118725
18,5,Cody Simpson,percent,0.3482,0.6518,0.33511596847437614,0.3615171143953935,5000,1741,3259,72812,0.06866999945064,Uncertain,0.009999000000000001,0.11663238233264316,0.02344271738888127,0.020848932830391638
18,6,Drew Carey,percent,0.3544,0.6456,0.3412577390329494,0.3677658239831142,5000,1772,3228,46021,0.10864605288889854,Uncertain,0.009999000000000001,0.13652507269503547,0.028288580496612394,0.02461091857159954
18,7,NeNe Leakes,percent,0.3366,0.6634,0.3236315472080002,0.34981934700096123,5000,1683,3317,35757,0.13983276001901726,Uncertain,0.009999000000000001,0.15527978881987575,0.03308367730710738,0.028879463362483468
18,8,Danica McKellar,percent,0.0816,0.9184,0.07432924995248243,0.0895131866266451,5000,408,4592,42123,0.11869999762600005,Uncertain,0.009999000000000001,0.16519207374631265,0.036645107574055216,0.03090678315752647
18,9,Charlie White,percent,0.0672,0.9328,0.06058713684977665,0.0744774103573132,5000,336,4664,30755,0.16257519102584947,Uncertain,0.009999000000000001,0.20104752041884819,0.04855842119843365,0.04074308593177844
18,10,James Maslow,percent,0.0402,0.9598,0.035098950653111326,0.046007053981407885,5000,201,4799,23465,0.21308331557639038,Definite-Correct,0.009999000000000001,0.2470929350986863,0.06991943828942698,0.05917225737264874
19,1,Lolo Jones,percent,0.665,0.335,0.6517948258338359,0.6779518232207625,5000,3325,1675,121485,0.041157344528131044,Uncertain,0.009999000000000001,0.09470652274607118,0.021283912116152253,0.01947354522223372
19,2,Tavis Smiley,percent,0.41147455867082033,0.5885254413291796,0.3960296765664093,0.42709583771820236,3852,1585,2267,125000,0.030816,Uncertain,0.009999000000000001,0.08931876703499081,0.018314654032507836,0.016890138505324122
19,3,Randy Couture,percent,0.6008,0.3992,0.5871528709612397,0.6142923546430241,5000,3004,1996,70015,0.07141326858530316,Uncertain,0.009999000000000001,0.10816397270151944,0.022732107815444186,0.020555551233450042
19,4,Betsey Johnson,percent,0.4108,0.5892,0.3972365824752053,0.4245003805813392,5000,2054,2946,103755,0.04819044865307696,Uncertain,0.009999000000000001,0.1093752,0.023075007123213687,0.02061033531467484
19,6,Jonathan Bennett,percent,0.248,0.752,0.23622617800891288,0.2601607579804278,5000,1240,3760,99301,0.05035196020181066,Uncertain,0.009999000000000001,0.11300742737959803,0.02267646269729597,0.019876694560687178
19,7,Antonio Sabato Jr.,percent,0.3518,0.6482,0.3386818601915939,0.36514569502118516,5000,1759,3241,47853,0.10448665705389422,Uncertain,0.009999000000000001,0.13588032736943909,0.02827501173738973,0.025012979587471625
19,8,Michael Waltrip,percent,0.6016,0.3984,0.5879568344759342,0.6150871627601094,5000,3008,1992,22025,0.22701475595913734,Uncertain,0.009999000000000001,0.1849081198156682,0.044871691886926725,0.04010074902430161
19,9,Lea Thompson,percent,0.1856,0.8144,0.17506627812913003,0.19661647058138068,5000,928,4072,39128,0.12778572888979758,Uncertain,0.009999000000000001,0.1697822647975078,0.037623588201306714,0.03188907358422162
19,10,Tommy Chong,percent,0.3728,0.6272,0.35949913594641114,0.3862961746005895,5000,1864,3136,19438,0.25722810988784856,Uncertain,0.009999000000000001,0.23013738630136985,0.05921850087849582,0.051453082095261504
19,11,Bethany Mota,percent,0.0714,0.9286,0.06458689626646513,0.07887120200746905,5000,357,4643,20885,0.23940627244433804,Uncertain,0.009999000000000001,0.25692961925185337,0.07257682286988612,0.06228707538980982
20,2,Redfoo,percent,0.15615615615615616,0.8438438438438438,0.13496746669379742,0.1799791809123649,999,156,843,125000,0.007992,Uncertain,0.009999000000000001,0.07732965754082613,0.015498983505681123,0.014273648950544277
20,3,Charlotte McKinney,percent,0.6216,0.3784,0.608068297316665,0.6349449907138754,5000,3108,1892,66258,0.07546258565003472,Uncertain,0.009999000000000001,0.11153082370026138,0.024367133753392875,0.022057224153615176
20,4,Michael Sam,percent,0.3946,0.6054,0.3811380148838037,0.40822382262919843,5000,1973,3027,90378,0.05532319812343712,Uncertain,0.009999000000000001,0.10769250769230768,0.021917817057912795,0.019757038674755527
20,5,Suzanne Somers,percent,0.3926,0.6074,0.37915160981551,0.40621329861804245,5000,1963,3037,70270,0.07115411982353778,Uncertain,0.009999000000000001,0.12328251511582256,0.02612860371621052,0.023142003787217147
20,6,Patti LaBelle,percent,0.2054,0.7946,0.19443005633733312,0.21682229025972943,5000,1027,3973,58799,0.08503545978673106,Uncertain,0.009999000000000001,0.1298589072438163,0.025356177339457518,0.021941209982934178
20,7,Willow Shields,percent,0.048,0.952,0.04241383484922352,0.05428019319514944,5000,240,4760,91177,0.05483839126095397,Definite-Correct,0.009999000000000001,0.13217126434195725,0.02770207060161099,0.023213364498134544
20,8,Robert Herjavec,percent,0.5954,0.4046,0.5817271017886556,0.608926415301094,5000,2977,2023,25708,0.19449198693013847,Uncertain,0.009999000000000001,0.2211682486997636,0.06070044340225018,0.0544431654763625
20,8,Chris Soules,percent,0.574,0.426,0.5602416671867616,0.5876447087528764,5000,2870,2130,26813,0.18647670905903851,Uncertain,0.009999000000000001,0.21738574278959807,0.057953284964015916,0.05214342961235413
20,9,Nastia Liukin,percent,0.0,1.0,0.0,0.000767730137580694,5000,0,5000,23767,0.21037573105566543,Definite-Correct,0.009999000000000001,0.24522342993630575,0.06926466073248634,0.058793345389382815
21,2,Victor Espinoza,percent,0.6626666666666666,0.3373333333333333,0.6473742842543223,0.677626110008451,3750,2485,1265,125000,0.03,Uncertain,0.009999000000000001,0.09282056099815157,0.021263340675836524,0.019804592255496037
21,2,Chaka Khan,percent,0.7908,0.2092,0.7793046743946457,0.8018488137573374,5000,3954,1046,112310,0.04451963315822278,Uncertain,0.009999000000000001,0.10468131269254467,0.026895472838006407,0.025493245299137216
21,4,Gary Busey,percent,0.6946,0.3054,0.6816880937143115,0.7072131057161422,5000,3473,1527,38942,0.12839607621591084,Uncertain,0.009999000000000001,0.13220358983050845,0.030732596481948246,0.028423995419240913
21,6,Paula Deen,percent,0.6756,0.3244,0.6624930058199004,0.6884373673557812,5000,3378,1622,31348,0.1594998086002297,Uncertain,0.009999000000000001,0.1455451281505147,0.034221493441901,0.03136117350137323
21,7,Hayes Grier,percent,0.0298,0.9702,0.02543585238097847,0.03488612104040242,5000,149,4851,79907,0.06257274081119302,Definite-Correct,0.009999000000000001,0.12330341742081449,0.024346393256682627,0.020889719501882814
21,8,Andy Grammer,percent,0.4236,0.5764,0.40996724250590744,0.4373500666591149,5000,2118,2882,31164,0.16044153510460787,Uncertain,0.009999000000000001,0.16200387953983367,0.03490383345519744,0.030590783422087865
21,9,Alexa PenaVega,percent,0.0,1.0,0.0,0.000767730137580694,5000,0,5000,69868,0.07156351978015686,Definite-Correct,0.009999000000000001,0.15096284599797366,0.03344309512027146,0.02824306998391024
21,11,Carlos PenaVega,percent,0.0,1.0,0.0,0.000767730137580694,5000,0,5000,24173,0.20684234476482025,Definite-Correct,0.009999000000000001,0.2457629964088953,0.06921778895407099,0.05755530761023759
22,2,Geraldo Rivera,percent,0.7576,0.2424,0.7455267624488509,0.7692777029842677,5000,3788,1212,60501,0.08264326209484141,Uncertain,0.009999000000000001,0.11158208757062145,0.02681416006917025,0.0252285467646253
22,3,Mischa Barton,percent,0.6034,0.3966,0.5897658904699788,0.6168753429375696,5000,3017,1983,71271,0.07015476140365647,Uncertain,0.009999000000000001,0.10586899654775603,0.02245667594923491,0.020714947855567895
22,4,Marla Maples,percent,0.5068,0.4932,0.4929420879345686,0.5206474709355603,5000,2534,2466,74198,0.06738726111215936,Uncertain,0.009999000000000001,0.1122259053291536,0.0236201476514319,0.021428316066170586
22,6,Doug Flutie,percent,0.5494,0.4506,0.5355758333510579,0.5631483149113492,5000,2747,2253,41541,0.12036301485279603,Uncertain,0.009999000000000001,0.1297114312285854,0.027159019925129882,0.024720583981098422
22,7,Kim Fields,percent,0.5292,0.4708,0.5153472373990754,0.54300792716089,5000,2646,2354,54264,0.0921421200058971,Uncertain,0.009999000000000001,0.14543419759679574,0.03392799211404753,0.03014515543749258
22,7,Von Miller,percent,0.5394,0.4606,0.5255588261987425,0.553180676666416,5000,2697,2303,52623,0.0950154875244665,Uncertain,0.009999000000000001,0.1454341975967957,0.03410348988146363,0.03057091581468554
22,8,Jodie Sweetin,percent,0.0,1.0,0.0,0.000767730137580694,5000,0,5000,58917,0.08486514927779758,Definite-Correct,0.009999000000000001,0.1558188737672584,0.03474989488449479,0.029115230484983767
22,9,Antonio Brown,percent,0.493,0.507,0.47915275903295346,0.5068579891889727,5000,2465,2535,25313,0.19752696243037174,Uncertain,0.009999000000000001,0.2535980609756097,0.07515907453339166,0.06606444405487114
22,9,Wanya Morris,percent,0.428,0.572,0.41434558376294855,0.4417649693768631,5000,2140,2860,28551,0.1751252145283878,Uncertain,0.009999000000000001,0.24053185888501744,0.06977968714641059,0.06215121922783906
23,2,Jake T. Austin,percent,0.5262364294330518,0.4737635705669481,0.509220920235898,0.5431912189456821,3316,1745,1571,125000,0.026528,Uncertain,0.009999000000000001,0.08566448951048954,0.018392319308314718,0.017002619416047526
23,3,Rick Perry,percent,0.5666,0.4334,0.5528182524471539,0.5802794858985203,5000,2833,2167,106380,0.04700131603684903,Uncertain,0.009999000000000001,0.0958976025641026,0.020378539742319526,0.01861195983773835
23,4,Babyface,percent,0.7458,0.2542,0.7335454847871744,0.7576770990771909,5000,3729,1271,74065,0.06750826976304597,Uncertain,0.009999000000000001,0.12122242222222222,0.03020963385323557,0.028427449597744417
23,4,Vanilla Ice,percent,0.5180407175972587,0.4819592824027414,0.5041275292626914,0.5319259875302713,4961,2570,2391,125000,0.039688,Uncertain,0.009999000000000001,0.10398104291187739,0.022378878009649862,0.02005232016322105
23,6,Amber Rose,percent,0.5298,0.4702,0.5159477585783652,0.5436064847054352,5000,2649,2351,43242,0.11562832431432404,Uncertain,0.009999000000000001,0.13041916575591986,0.02784527694648176,0.024976151434109993
23,7,Maureen McCormick,percent,0.226,0.774,0.21461990176389215,0.2378008143515021,5000,1130,3870,56743,0.08811659587966798,Uncertain,0.009999000000000001,0.1302180358439201,0.02592858956600552,0.02241794059266924
23,8,Ryan Lochte,percent,0.3702,0.6298,0.3569202748271934,0.3836790279165226,5000,1851,3149,38885,0.12858428700012858,Uncertain,0.009999000000000001,0.1563612088879122,0.034815689861765045,0.0308745360718889
23,9,Marilu Henner,percent,0.1984,0.8016,0.18757933270408236,0.20968376211490633,5000,992,4008,32518,0.15376099391106465,Uncertain,0.009999000000000001,0.17474335829662263,0.03855332844532521,0.03261980944054735
23,10,Terra Jole,percent,0.0,1.0,0.0,0.000767730137580694,5000,0,5000,35127,0.14234064964272497,Definite-Correct,0.009999000000000001,0.19522224300341298,0.046129862555996666,0.03834208668343239
23,11,Jana Kramer,percent,0.1734,0.8266,0.16315771894557213,0.18414376238029562,5000,867,4133,18645,0.2681684097613301,Uncertain,0.009999000000000001,0.2667028075441902,0.07454954118785512,0.06367893189919227
24,2,Chris Kattan,percent,0.6352,0.3648,0.6217579144516409,0.6484344913191574,5000,3176,1824,90564,0.05520957554878318,Uncertain,0.009999000000000001,0.09959366260162604,0.021895096216849118,0.020224095199253403
24,3,Charo,percent,0.5232,0.4768,0.5093431269668303,0.537021250354786,5000,2616,2384,82479,0.060621491531177636,Uncertain,0.009999000000000001,0.10562788744588746,0.022256326981321243,0.020123512379833765
24,4,Mr. T,percent,0.5288,0.4712,0.5149469010780029,0.5426088776660726,5000,2644,2356,60241,0.08299995020002988,Uncertain,0.009999000000000001,0.11411062944785273,0.02382792668540459,0.021593157886069362
24,5,Erika Jayne,percent,0.3038,0.6962,0.2912069289676985,0.31669432833828826,5000,1519,3481,74975,0.06668889629876626,Uncertain,0.009999000000000001,0.11695928654970762,0.023217432003202337,0.020309154850029605
24,6,Heather Morris,percent,0.0,1.0,0.0,0.000994758562857679,3858,0,3858,125000,0.030864,Definite-Correct,0.009999000000000001,0.11245378159851303,0.022629378544937122,0.019658616220767394
24,7,Nancy Kerrigan,percent,0.469,0.531,0.4551964603328828,0.4828511389356473,5000,2345,2655,48212,0.10370862026051605,Uncertain,0.009999000000000001,0.16697661791831356,0.04154096586151223,0.03698731032487479
24,7,Nick Viall,percent,0.544,0.456,0.5301659535741342,0.5577664861737587,5000,2720,2280,44188,0.11315289218792432,Uncertain,0.009999000000000001,0.17356423320158101,0.04442148069961926,0.04000095158711556
24,8,Bonner Bolton,percent,0.3874,0.6126,0.3739880709105496,0.40098482191643375,5000,1937,3063,18836,0.2654491399447866,Uncertain,0.009999000000000001,0.23381128825214903,0.060066229504831384,0.053133997679046946
24,9,Simone Biles,percent,0.0,1.0,0.0,0.000767730137580694,5000,0,5000,27289,0.18322400967422772,Definite-Correct,0.009999000000000001,0.23597409735973604,0.06759604928131673,0.05841715780105961
25,2,Barbara Corcoran,percent,0.7291358024691358,0.2708641975308642,0.7152364171859107,0.7426009092651278,4050,2953,1097,125000,0.0324,Uncertain,0.009999000000000001,0.09743008744667886,0.024618453809942674,0.0233919614153533
25,2,Debbie Gibson,percent,0.542833607907743,0.457166392092257,0.522966112561882,0.5625657740544175,2428,1318,1110,125000,0.019424,Uncertain,0.009999000000000001,0.0856994354052407,0.01903868954808197,0.01749820650870388
25,4,Derek Fisher,percent,0.3646,0.6354,0.3513672186514018,0.3780406826698551,5000,1823,3177,116753,0.0428254520226461,Uncertain,0.009999000000000001,0.09694751492787655,0.019111969138085532,0.017056033142208136
25,5,Sasha Pieterse,percent,0.3972,0.6028,0.3837206958594793,0.4108371494568074,5000,1986,3014,82137,0.0608739057915434,Uncertain,0.009999000000000001,0.10804617701149427,0.021866832669584505,0.019834508123410526
25,6,Nick Lachey,percent,0.6132,0.3868,0.5996185677995889,0.6266076180972628,5000,3066,1934,36001,0.1388850309713619,Uncertain,0.009999000000000001,0.1372551241830065,0.030522288441771003,0.02747918008727121
25,7,Nikki Bella,percent,0.5962,0.4038,0.5825308114646497,0.6097214772568798,5000,2981,2019,46731,0.10699535640153217,Uncertain,0.009999000000000001,0.1547178936877076,0.03819034806924559,0.03455791211006948
25,7,Vanessa Lachey,percent,0.4564,0.5436,0.44263223285215825,0.4702347132158389,5000,2282,2718,61310,0.08155276463872126,Uncertain,0.009999000000000001,0.14275776079734218,0.0330725956415953,0.028960645820229267
25,8,Terrell Owens,percent,0.1718,0.8282,0.16159731519838189,0.1825066228639261,5000,859,4141,37342,0.13389748808312357,Uncertain,0.009999000000000001,0.17039436954206602,0.03755825085841329,0.03202258861314864
25,9,Victoria Arlen,percent,0.053,0.947,0.04712618955271824,0.05956016119027891,5000,265,4735,36348,0.13755915043468692,Uncertain,0.009999000000000001,0.1925929925925926,0.04729963617117544,0.04041597907527973
25,10,Drew Scott,percent,0.1136,0.8864,0.1050992297868791,0.12269407206344327,5000,568,4432,20176,0.2478191911181602,Uncertain,0.009999000000000001,0.26021335425353614,0.07317015919140697,0.0632687212812756
26,1,Jamie Anderson,percent,0.628,0.372,0.6145090571458138,0.6412944039389656,5000,3140,1860,74659,0.06697116221754912,Uncertain,0.009999000000000001,0.12111133333333335,0.0277062821047096,0.025583575578361918
26,1,Johnny Damon,percent,0.6866,0.3134,0.6736029082064058,0.699310574906249,5000,3433,1567,65424,0.07642455368060651,Uncertain,0.009999000000000001,0.12534413756613758,0.030061261460150514,0.027528041322631994
26,2,Kareem Abdul-Jabbar,percent,0.5826,0.4174,0.5688728189044528,0.5962003520768188,5000,2913,2087,52262,0.09567180743178601,Uncertain,0.009999000000000001,0.15531403738317753,0.03921175036594417,0.03568357421949435
26,2,Arike Ogunbowale,percent,0.3892,0.6108,0.37577526717108334,0.40279486182740465,5000,1946,3054,78518,0.06367966580911383,Uncertain,0.009999000000000001,0.13769053938584783,0.031440463734225224,0.027813905090089307
26,3,Jennie Finch Daigle,percent,0.718,0.282,0.7053636758342886,0.7303015938257261,5000,3590,1410,22358,0.22363359871187047,Uncertain,0.009999000000000001,0.2769910213270142,0.08560455922144437,0.07828022637905252
26,3,Chris Mazdzer,percent,0.6936,0.3064,0.6806771996269109,0.7062255352638179,5000,3468,1532,23637,0.21153276642551933,Uncertain,0.009999000000000001,0.2627730118483412,0.0785814116128016,0.07209837443515316
26,3,Mirai Nagasu,percent,0.6648,0.3352,0.6515930450270799,0.6777539111195734,5000,3324,1676,24729,0.20219175866391687,Uncertain,0.009999000000000001,0.2556640071090047,0.07408968588823771,0.0669715649698718
27,1,Nikki Glaser,percent,0.5147487844408428,0.48525121555915723,0.49710502158923214,0.5323558610924827,3085,1588,1497,125000,0.02468,Uncertain,0.009999000000000001,0.08521885671191556,0.018011830235717965,0.016649639211036783
27,2,Danelle Umstead,percent,0.5904,0.4096,0.5767047637302916,0.603956430660834,5000,2952,2048,100998,0.0495059308105111,Uncertain,0.009999000000000001,0.09827496642020948,0.02125641534167088,0.019449856770576573
27,3,Nancy McKeon,percent,0.4892,0.5108,0.4753575494439685,0.5030590335270033,5000,2446,2554,107073,0.046697113184462936,Uncertain,0.009999000000000001,0.10063755182824556,0.020974293741031796,0.019187588448400426
27,4,Tinashe,percent,0.06998444790046657,0.9300155520995335,0.0572833734070306,0.0852469962135492,1286,90,1196,125000,0.010288,Uncertain,0.009999000000000001,0.08793123448275861,0.017918333037223875,0.015959482200800835
27,6,Mary Lou Retton,percent,0.3774,0.6226,0.3640627490188011,0.3909254984109338,5000,1887,3113,84481,0.05918490548170595,Uncertain,0.009999000000000001,0.11741895099466282,0.024712030376175215,0.021899850826884275
27,7,John Schneider,percent,0.4816,0.5184,0.4677695312158863,0.49545872125317675,5000,2408,2592,61503,0.08129684730826138,Uncertain,0.009999000000000001,0.14274248604269296,0.033317407182704394,0.029433337659620383
27,7,DeMarcus Ware,percent,0.5242,0.4758,0.5103436730611934,0.5380191688001477,5000,2621,2379,58473,0.08550955141689327,Uncertain,0.009999000000000001,0.14471292939244665,0.03421643412859892,0.030532038382960855
27,8,Juan Pablo Di Pace,percent,0.324,0.676,0.3111670989433079,0.33710314206512065,5000,1620,3380,52725,0.0948316737790422,Uncertain,0.009999000000000001,0.18309356770186336,0.046880157467678686,0.041147751847573355
27,8,Joe Amabile,percent,0.5796,0.4204,0.5658614690413671,0.5932163083207301,5000,2898,2102,35205,0.142025280499929,Uncertain,0.009999000000000001,0.2178761763975155,0.06467271031117318,0.059325757721743866
28,2,Mary Wilson,rank,0.7992,0.2008,0.7878681509601536,0.8100724393255182,5000,3996,1004,12553,0.39831116067872224,Uncertain,0.0,1.0,0.026237429151538618,0.021699122192890677
28,4,Lamar Odom,rank,0.8404,0.1596,0.8299876902638044,0.8502896390585308,5000,4202,798,7998,0.6251562890722681,Uncertain,0.0,1.0,0.049253528117441485,0.040662064203226544
28,6,Sailor Brinkley-Cook,rank,0.06462303231151616,0.9353769676884839,0.05208722689759433,0.07992145202457022,1207,78,1129,125000,0.009656,Uncertain,0.0,1.0,0.013277848252053815,0.010048548576347651
28,7,Karamo Brown,rank,0.7232,0.2768,0.7106304599643251,0.7354268253022588,5000,3616,1384,11294,0.44271294492650964,Uncertain,0.0,1.0,0.045814137656138045,0.03867871416974944
28,8,Kate Flannery,rank,0.6916,0.3084,0.6786556231684893,0.7042501826427898,5000,3458,1542,10809,0.46257748172818947,Uncertain,0.0,1.0,0.05416131021353251,0.04472312644500736
28,9,Sean Spicer,rank,0.7934,0.2066,0.7819544837424869,0.8043950122127809,5000,3967,1033,6168,0.8106355382619974,Uncertain,0.0,1.0,0.12167571385926536,0.09894854052598392
28,10,James Van Der Beek,rank,0.7682,0.2318,0.7563000300186672,0.7796881595355346,5000,3841,1159,5624,0.8890469416785206,Uncertain,0.0,1.0,0.16999380150190663,0.1356969318343459
29,2,Charles Oakley,rank,0.869,0.131,0.859363746244569,0.8780696689138964,5000,4345,655,9850,0.5076142131979695,Uncertain,0.0,1.0,0.024642982278114157,0.020980718370970083
29,3,Carole Baskin,rank,0.8698,0.1302,0.8601874024434497,0.8788447843467957,5000,4349,651,9481,0.5273705305347537,Uncertain,0.0,1.0,0.027594519670663033,0.023391107044911298
29,4,Anne Heche,rank,0.7938,0.2062,0.7823622090162174,0.80478667275494,5000,3969,1031,12747,0.39224915666431315,Uncertain,0.0,1.0,0.022691159231624517,0.018626199668965875
29,5,Jesse Metcalfe,rank,0.8426,0.1574,0.8322429390213864,0.8524310122883434,5000,4213,787,8887,0.5626195566557893,Uncertain,0.0,1.0,0.03572896625454809,0.029655095917983376
29,6,Veron Davis,rank,0.8224,0.1776,0.8115602896514651,0.832744677955823,5000,4112,888,10017,0.49915144254766897,Uncertain,0.0,1.0,0.035359575033226905,0.02986522115703566
29,7,Monica Aldama,rank,0.8424,0.1576,0.8320378879502962,0.8522363704514887,5000,4212,788,8081,0.6187353050365054,Uncertain,0.0,1.0,0.04914610248144633,0.039899829889461544
29,8,Chrishell Stause,rank,0.6098,0.3902,0.5961996440754823,0.623231762386305,5000,3049,1951,15414,0.32438043337225897,Uncertain,0.0,1.0,0.03497588049656925,0.02833693969689598
29,9,AJ McLean,rank,0.7648,0.2352,0.7528433496662458,0.7763500604528916,5000,3824,1176,8171,0.6119202056051891,Uncertain,0.0,1.0,0.07038875452372273,0.057752541096307015
29,10,Skai Jackson,rank,0.6506,0.3494,0.6372732668483074,0.6636954928342531,5000,3253,1747,10357,0.4827652795210968,Uncertain,0.0,1.0,0.06799759951155222,0.05710428022714925
29,10,Johnny Weir,rank,0.7382,0.2618,0.7258349449179122,0.7501993084445442,5000,3691,1309,7766,0.6438320885912954,Uncertain,0.0,1.0,0.09029729235368232,0.07542909321964236
30,2,Martin Kove,rank,0.8656,0.1344,0.8558644816867245,0.8747741540366767,5000,4328,672,10015,0.49925112331502747,Uncertain,0.0,1.0,0.02465244121643433,0.020794084056294522
30,3,Christine Chiu,rank,0.6332,0.3668,0.6197440220282993,0.6464514546630493,5000,3166,1834,29483,0.1695892548248143,Uncertain,0.0,1.0,0.01193640626704572,0.009244966779325816
30,4,Brian Austin Green,rank,0.8558,0.1442,0.8457894191016545,0.8652642641324432,5000,4279,721,9284,0.5385609651012495,Uncertain,0.0,1.0,0.03134788317147376,0.02645573257432221
30,4,Matt James,rank,0.8294,0.1706,0.8187214480507609,0.8395727713346012,5000,4147,853,10707,0.4669842159335014,Uncertain,0.0,1.0,0.02684152744499237,0.02248848864330806
30,5,Melanie C,rank,0.2540786306499064,0.7459213693500936,0.24038159195798717,0.26828048981432184,3739,950,2789,125000,0.029912,Uncertain,0.0,1.0,0.010832036770614045,0.008116232261758177
30,6,Kenya Moore,rank,0.8352,0.1648,0.8246597905915966,0.8452255231241695,5000,4176,824,8031,0.6225874735400324,Uncertain,0.0,1.0,0.04831194459821526,0.03916770085402955
30,7,"Mike ""The Miz"" Mizanin",rank,0.8218,0.1782,0.8109467626503538,0.8321591262330993,5000,4109,891,7520,0.6648936170212766,Uncertain,0.0,1.0,0.05733544746244774,0.04708194706723175
30,8,Jimmie Allen,rank,0.8252,0.1748,0.8144240083036643,0.8354766600148532,5000,4126,874,7112,0.703037120359955,Uncertain,0.0,1.0,0.07322705331933992,0.06041886268987256
30,8,Olivia Jade,rank,0.7264,0.2736,0.7138725939987496,0.7385797777949541,5000,3632,1368,11047,0.4526115687516973,Uncertain,0.0,1.0,0.046513616420911987,0.03885824679341887
30,9,Melora Hardin,rank,0.7406,0.2594,0.7282693376544117,0.7525612306033845,5000,3703,1297,7770,0.6435006435006435,Uncertain,0.0,1.0,0.0907977333656566,0.07545382111024561
30,9,Suni Lee,rank,0.49,0.51,0.4761564744538838,0.5038588801488679,5000,2450,2550,16098,0.31059758976270346,Uncertain,0.0,1.0,0.04924270404468171,0.039956707039964595
31,1,Jason Lewis,rank,0.8482,0.1518,0.8379867270904099,0.8578786256417789,5000,4241,759,11997,0.41677085938151204,Uncertain,0.0,1.0,0.019165998398273848,0.01627554059680265
31,2,Teresa Giudice,rank,0.8522,0.1478,0.8420922945563387,0.8617669163347494,5000,4261,739,11507,0.4345181194055792,Uncertain,0.0,1.0,0.02160158483995732,0.018175815439699754
31,3,Cheryl Ladd,rank,0.852,0.148,0.8418869580878139,0.8615725598953292,5000,4260,740,11142,0.4487524681385748,Uncertain,0.0,1.0,0.024110473320741815,0.02058343275837147
31,4,Sam Champion,rank,0.8586,0.1414,0.848666386204971,0.8679829977403561,5000,4293,707,9210,0.5428881650380022,Uncertain,0.0,1.0,0.03128298807304133,0.02625439687835474
31,5,Joseph Baena,rank,0.7878,0.2122,0.77624806505934,0.7989100294734686,5000,3939,1061,12443,0.40183235554126817,Uncertain,0.0,1.0,0.025879635582009466,0.0209539288945893
31,6,Jessie James Decker,rank,0.821,0.179,0.8101287957277941,0.831378321523879,5000,4105,895,9729,0.5139274334463974,Uncertain,0.0,1.0,0.04121816976510993,0.03466885927372661
31,7,Jordin Sparks,rank,0.794,0.206,0.7825660779184023,0.8049824967607004,5000,3970,1030,9033,0.5535259603675412,Uncertain,0.0,1.0,0.048086351854256214,0.03984185184379719
31,8,Heidi D'Amelio,rank,0.785,0.215,0.7733960518189591,0.7961663420026199,5000,3925,1075,8676,0.5763024435223605,Uncertain,0.0,1.0,0.058124426357353036,0.04883197568168934
31,8,Vinny Guadagnino,rank,0.8226,0.1774,0.8117648085549922,0.8329398519602407,5000,4113,887,7218,0.6927126627874758,Uncertain,0.0,1.0,0.07358292996499642,0.0599777839966158
31,9,Trevor Donovan,rank,0.7926,0.2074,0.7811390831922713,0.8036116411312164,5000,3963,1037,6194,0.8072328059412335,Uncertain,0.0,1.0,0.12348065386136596,0.09999433091742135
31,9,Daniel Durant,rank,0.7418,0.2582,0.7294867112525073,0.7537420144529586,5000,3709,1291,7766,0.6438320885912954,Uncertain,0.0,1.0,0.09208157558230638,0.07528552905435812
32,1,Matt Walsh,rank,0.8658,0.1342,0.8560702643929338,0.8749680642384122,5000,4329,671,9658,0.5177055290950507,Uncertain,0.0,1.0,0.027469148626418218,0.023072155035534093
32,2,Jamie Lynn Spears,rank,0.6986,0.3014,0.6857323803297009,0.7111626772596522,5000,3493,1507,20771,0.2407202349429493,Uncertain,0.0,1.0,0.0158826494790625,0.012607004280287645
32,3,Tyson Beckford,rank,0.8572,0.1428,0.8472277444516874,0.8666237891380251,5000,4286,714,8937,0.5594718585655142,Uncertain,0.0,1.0,0.03594940386178486,0.030028361046050552
32,4,Adrian Peterson,rank,0.627,0.373,0.6135025235862455,0.6403024729588092,5000,3135,1865,21375,0.23391812865497075,Uncertain,0.0,1.0,0.019449236651080726,0.015314811584171126
32,5,Mira Sorvino,rank,0.7636,0.2364,0.7516235959470107,0.7751716567244568,5000,3818,1182,11923,0.41935754424222094,Uncertain,0.0,1.0,0.032898271160777204,0.027160747349008668
32,6,Mauricio Umansky,rank,0.6662,0.3338,0.6530055660032007,0.6791392404990676,5000,3331,1669,15516,0.32224800206238724,Uncertain,0.0,1.0,0.030747191606036766,0.02523277156451325
32,7,Lele Pons,rank,0.2886,0.7114,0.27620646102464247,0.30131813527752677,5000,1443,3557,52558,0.09513299592830778,Uncertain,0.0,1.0,0.021350045936128187,0.016295878081104175
32,8,Barry Williams,rank,0.6922,0.3078,0.6792620665301508,0.7048428180049633,5000,3461,1539,10841,0.4612120653076284,Uncertain,0.0,1.0,0.05442238143249159,0.04490992048217028
32,9,Harry Jowsey,rank,0.7966,0.2034,0.785216755941979,0.8075278265404081,5000,3983,1017,6102,0.8194034742707309,Uncertain,0.0,1.0,0.12298815284638874,0.09811730567737507
33,2,Tori Spelling,rank,0.687,0.313,0.6740070613170266,0.6997058076115183,5000,3435,1565,21205,0.23579344494223062,Uncertain,0.0,1.0,0.01580520529856654,0.012461621328780426
33,2,Anna Delvey,rank,0.794,0.206,0.7825660779184023,0.8049824967607004,5000,3970,1030,12892,0.3878374185541421,Uncertain,0.0,1.0,0.022627138938736188,0.018683517356902535
33,3,Eric Roberts,rank,0.8232,0.1768,0.8123783950669451,0.833525344172123,5000,4116,884,9922,0.5039306591413022,Uncertain,0.0,1.0,0.03532341682213507,0.02977011074053067
33,3,Reginald VelJohnson,rank,0.8502,0.1498,0.8400392065739711,0.8598230752376673,5000,4251,749,8453,0.5915059742103396,Uncertain,0.0,1.0,0.04166201892295574,0.03450969624226051
33,4,Brooks Nader,rank,0.7944,0.2056,0.7829738282759118,0.8053741322190808,5000,3972,1028,9158,0.5459707359685521,Uncertain,0.0,1.0,0.048561394808573605,0.04040250941975845
33,5,Phaedra Parks,rank,0.7214,0.2786,0.7088071077855675,0.7336529413095119,5000,3607,1393,11224,0.44547398431931573,Uncertain,0.0,1.0,0.045178383092438754,0.03692489681338704
33,6,Jenn Tran,rank,0.564,0.436,0.5502107660731097,0.5776909644692798,5000,2820,2180,15070,0.33178500331785005,Uncertain,0.0,1.0,0.04177651278223319,0.03375947718508289
33,7,Dwight Howard,rank,0.7882,0.2118,0.7766555600312502,0.7993019203174484,5000,3941,1059,6190,0.8077544426494345,Uncertain,0.0,1.0,0.12167739674923646,0.09761290643102015
34,2,Corey Feldman,rank,0.8666,0.1334,0.8568934651635332,0.8757436350995929,5000,4333,667,9528,0.5247691015952981,Uncertain,0.0,1.0,0.027994385837777396,0.024145586094492483
34,2,Baron Davis,rank,0.8128,0.1872,0.8017490936444411,0.8233706143814883,5000,4064,936,13452,0.3716919417187035,Uncertain,0.0,1.0,0.020535909201765644,0.017097463920090945
34,3,Lauren Jauregui,rank,0.8468,0.1532,0.8365503482152097,0.8565171541613643,5000,4234,766,8822,0.5667649059170257,Uncertain,0.0,1.0,0.0360734282624483,0.029749800085604548
34,4,Hilaria Baldwin,rank,0.6374,0.3626,0.6239734828114679,0.6506155449467249,5000,3187,1813,21888,0.22843567251461988,Uncertain,0.0,1.0,0.019540314330179335,0.015610666611797278
34,6,Scott Hoying,rank,0.8124,0.1876,0.801340531430262,0.8229797907797778,5000,4062,938,9594,0.5211590577444236,Uncertain,0.0,1.0,0.040722359773854716,0.034400555352778237
34,7,Jen Affleck,rank,0.7432,0.2568,0.7309071307218757,0.7551194453392049,5000,3716,1284,11487,0.4352746583093932,Uncertain,0.0,1.0,0.03922939070432792,0.03213129932797518
34,8,Danielle Fishel,rank,0.7734,0.2266,0.7615887821038486,0.7847914230569223,5000,3867,1133,8766,0.5703855806525211,Uncertain,0.0,1.0,0.058328960290128795,0.04902341396545989
34,9,Andy Richter,rank,0.8052,0.1948,0.7939895488978784,0.8159418286261425,5000,4026,974,6646,0.7523322299127294,Uncertain,0.0,1.0,0.09240553856706508,0.07425588782605369
34,10,Whitney Leavitt,rank,0.2554,0.7446,0.24350328642812236,0.2676722871551822,5000,1277,3723,32407,0.15428765390193477,Uncertain,0.0,1.0,0.0370649122822881,0.028673320680408773
